{"cameraMode":{"drawMode":0,"name":"Shaded","section":"Shading Mode"},"sceneLighting":false,"audioPlay":false,"sceneViewState":{"showFog":false,"showMaterialUpdate":false,"showSkybox":false,"showFlares":false,"showImageEffects":false,"showParticleSystems":false},"in2DMode":false,"pivot":{"x":0.1397305727005005,"y":1.0199999809265137,"z":-10.06585693359375},"rotation":{"x":0.14732706546783448,"y":-0.020769434049725534,"z":0.0030944268219172956,"w":0.9888662099838257},"size":2.1986100673675539,"orthographic":false}